-- HBnB Initial Data
INSERT INTO users (id, first_name, last_name, email, password, is_admin) VALUES
('00000000-0000-0000-0000-000000000001', 'Admin', 'User', 'admin@hbnb.com', '$2b$12$EixZaYVK1fsbw1ZfbX3OXePaWxn96p36WQoeG6Lruj3vjPGga31lW', TRUE),
('00000000-0000-0000-0000-000000000002', 'John', 'Doe', 'john@example.com', '$2b$12$EixZaYVK1fsbw1ZfbX3OXePaWxn96p36WQoeG6Lruj3vjPGga31lW', FALSE);

INSERT INTO amenities (id, name) VALUES
('00000000-0000-0000-0000-000000000011', 'WiFi'),
('00000000-0000-0000-0000-000000000012', 'Pool'),
('00000000-0000-0000-0000-000000000013', 'Parking'),
('00000000-0000-0000-0000-000000000014', 'Air Conditioning'),
('00000000-0000-0000-0000-000000000015', 'Kitchen'),
('00000000-0000-0000-0000-000000000016', 'Washer'),
('00000000-0000-0000-0000-000000000017', 'Dryer'),
('00000000-0000-0000-0000-000000000018', 'Heating'),
('00000000-0000-0000-0000-000000000019', 'TV'),
('00000000-0000-0000-0000-000000000020', 'Gym');

INSERT INTO places (id, title, description, price, latitude, longitude, owner_id) VALUES
('00000000-0000-0000-0000-000000000101', 'Beautiful Beach House', 'A stunning beachfront property with amazing ocean views', 250.00, 34.0522, -118.2437, '00000000-0000-0000-0000-000000000001'),
('00000000-0000-0000-0000-000000000102', 'Cozy Mountain Cabin', 'A warm and cozy cabin in the mountains, perfect for skiing', 180.00, 39.7392, -104.9903, '00000000-0000-0000-0000-000000000002'),
('00000000-0000-0000-0000-000000000103', 'Modern City Apartment', 'Luxurious apartment in the heart of the city', 320.00, 40.7128, -74.0060, '00000000-0000-0000-0000-000000000001');

INSERT INTO place_amenity (place_id, amenity_id) VALUES
('00000000-0000-0000-0000-000000000101', '00000000-0000-0000-0000-000000000011'),
('00000000-0000-0000-0000-000000000101', '00000000-0000-0000-0000-000000000012'),
('00000000-0000-0000-0000-000000000101', '00000000-0000-0000-0000-000000000013'),
('00000000-0000-0000-0000-000000000101', '00000000-0000-0000-0000-000000000014'),
('00000000-0000-0000-0000-000000000101', '00000000-0000-0000-0000-000000000015'),
('00000000-0000-0000-0000-000000000102', '00000000-0000-0000-0000-000000000011'),
('00000000-0000-0000-0000-000000000102', '00000000-0000-0000-0000-000000000013'),
('00000000-0000-0000-0000-000000000102', '00000000-0000-0000-0000-000000000018'),
('00000000-0000-0000-0000-000000000102', '00000000-0000-0000-0000-000000000015'),
('00000000-0000-0000-0000-000000000102', '00000000-0000-0000-0000-000000000016'),
('00000000-0000-0000-0000-000000000103', '00000000-0000-0000-0000-000000000011'),
('00000000-0000-0000-0000-000000000103', '00000000-0000-0000-0000-000000000014'),
('00000000-0000-0000-0000-000000000103', '00000000-0000-0000-0000-000000000019'),
('00000000-0000-0000-0000-000000000103', '00000000-0000-0000-0000-000000000020'),
('00000000-0000-0000-0000-000000000103', '00000000-0000-0000-0000-000000000013');

INSERT INTO reviews (id, text, rating, place_id, user_id) VALUES
('00000000-0000-0000-0000-000000000201', 'Amazing place! The view was breathtaking and the host was very accommodating.', 5, '00000000-0000-0000-0000-000000000101', '00000000-0000-0000-0000-000000000002'),
('00000000-0000-0000-0000-000000000202', 'Very cozy and comfortable. Perfect for a weekend getaway.', 4, '00000000-0000-0000-0000-000000000102', '00000000-0000-0000-0000-000000000001'),
('00000000-0000-0000-0000-000000000203', 'Great location and modern amenities. Would definitely stay again!', 5, '00000000-0000-0000-0000-000000000103', '00000000-0000-0000-0000-000000000002');
EOF
